"file","caption","alt_text","category","png_time","StartTime"
"bio1_sizeatage.png","Length at age in the beginning of the year (or season) in the ending year of the model. Shaded area indicates 95% distribution of length at age around estimated growth curve.",NA,"Bio",2025-07-23 03:51:30.315111,"StartTime: Wed Jul 23 03:30:08 2025"
"bio2_sizeatage_plus_CV_and_SD.png","Length at age (top-left panel) with CV (thick line) and SD (thin line) of length at age shown in top-right and lower-left panels",NA,"Bio",2025-07-23 03:51:30.315111,"StartTime: Wed Jul 23 03:30:08 2025"
"bio3_sizeatage_plus_WT_and_MAT.png","Length at age (top-left panel) with weight (thick line) and maturity (thin line) shown in top-right and lower-left panels",NA,"Bio",2025-07-23 03:51:30.315111,"StartTime: Wed Jul 23 03:30:08 2025"
"bio1B_len_at_age_matrix_1.png","Distribution of length at age for seas: 1 sub_seas: 1 morph: 1",NA,"Bio",2025-07-23 03:51:30.315111,"StartTime: Wed Jul 23 03:30:08 2025"
"bio1B_len_at_age_matrix_2.png","Distribution of length at age for seas: 1 sub_seas: 2 morph: 1",NA,"Bio",2025-07-23 03:51:30.315111,"StartTime: Wed Jul 23 03:30:08 2025"
"bio1B_len_at_age_matrix_3.png","Distribution of length at age for seas: 2 sub_seas: 1 morph: 1",NA,"Bio",2025-07-23 03:51:30.315111,"StartTime: Wed Jul 23 03:30:08 2025"
"bio1B_len_at_age_matrix_4.png","Distribution of length at age for seas: 2 sub_seas: 2 morph: 1",NA,"Bio",2025-07-23 03:51:30.315111,"StartTime: Wed Jul 23 03:30:08 2025"
"bio1B_len_at_age_matrix_5.png","Distribution of length at age for seas: 3 sub_seas: 1 morph: 1",NA,"Bio",2025-07-23 03:51:30.315111,"StartTime: Wed Jul 23 03:30:08 2025"
"bio1B_len_at_age_matrix_6.png","Distribution of length at age for seas: 3 sub_seas: 2 morph: 1",NA,"Bio",2025-07-23 03:51:30.315111,"StartTime: Wed Jul 23 03:30:08 2025"
"bio1B_len_at_age_matrix_7.png","Distribution of length at age for seas: 4 sub_seas: 1 morph: 1",NA,"Bio",2025-07-23 03:51:30.315111,"StartTime: Wed Jul 23 03:30:08 2025"
"bio1B_len_at_age_matrix_8.png","Distribution of length at age for seas: 4 sub_seas: 2 morph: 1",NA,"Bio",2025-07-23 03:51:30.315111,"StartTime: Wed Jul 23 03:30:08 2025"
"bio5_weightatsize.png","Weight-length relationship",NA,"Bio",2025-07-23 03:51:30.315111,"StartTime: Wed Jul 23 03:30:08 2025"
"bio6_maturity.png","Maturity at length",NA,"Bio",2025-07-23 03:51:30.315111,"StartTime: Wed Jul 23 03:30:08 2025"
"bio8_fecundity_wt.png","Fecundity as a function of weight",NA,"Bio",2025-07-23 03:51:30.315111,"StartTime: Wed Jul 23 03:30:08 2025"
"bio9_fecundity_len.png","Fecundity as a function of length",NA,"Bio",2025-07-23 03:51:30.315111,"StartTime: Wed Jul 23 03:30:08 2025"
"bio10_spawningoutput_len.png","Spawning output at length. This is the product of maturity and fecundity unless maturity is age-based, in which case only fecundity is represented.",NA,"Bio",2025-07-23 03:51:30.315111,"StartTime: Wed Jul 23 03:30:08 2025"
"bio11_spawningoutput_age.png","Spawning output at age. This is the product of maturity and fecundity. When these processes are length-based they are converted into the age dimension using the matrix of length at age.",NA,"Bio",2025-07-23 03:51:30.315111,"StartTime: Wed Jul 23 03:30:08 2025"
"bio21_natmort.png","Natural mortality at age",NA,"Bio",2025-07-23 03:51:30.315111,"StartTime: Wed Jul 23 03:30:08 2025"
"sel01_multiple_fleets_length1.png","Selectivity at length for multiple fleets.",NA,"Sel",2025-07-23 03:51:30.315111,"StartTime: Wed Jul 23 03:30:08 2025"
"sel02_multiple_fleets_age1.png","Selectivity at age derived from selectivity at length for multiple fleets.",NA,"Sel",2025-07-23 03:51:30.315111,"StartTime: Wed Jul 23 03:30:08 2025"
"sel09_len_flt1sex1.png","Ending year selectivity for F01_LL.JP.1",NA,"Sel",2025-07-23 03:51:30.315111,"StartTime: Wed Jul 23 03:30:08 2025"
"sel09_len_flt2sex1.png","Ending year selectivity for F02_LL.JP.2",NA,"Sel",2025-07-23 03:51:30.315111,"StartTime: Wed Jul 23 03:30:08 2025"
"sel09_len_flt3sex1.png","Ending year selectivity for F03_LL.JP.3",NA,"Sel",2025-07-23 03:51:30.315111,"StartTime: Wed Jul 23 03:30:08 2025"
"sel09_len_flt4sex1.png","Ending year selectivity for F04_LL.JP.4",NA,"Sel",2025-07-23 03:51:30.315111,"StartTime: Wed Jul 23 03:30:08 2025"
"sel09_len_flt5sex1.png","Ending year selectivity for F05_LL.TW.4",NA,"Sel",2025-07-23 03:51:30.315111,"StartTime: Wed Jul 23 03:30:08 2025"
"sel09_len_flt6sex1.png","Ending year selectivity for F06_LL.AU.2",NA,"Sel",2025-07-23 03:51:30.315111,"StartTime: Wed Jul 23 03:30:08 2025"
"sel09_len_flt7sex1.png","Ending year selectivity for F07_LL.AU.3",NA,"Sel",2025-07-23 03:51:30.315111,"StartTime: Wed Jul 23 03:30:08 2025"
"sel09_len_flt8sex1.png","Ending year selectivity for F08_LL.NZ.3",NA,"Sel",2025-07-23 03:51:30.315111,"StartTime: Wed Jul 23 03:30:08 2025"
"sel09_len_flt9sex1.png","Ending year selectivity for F09.REC.AU.3",NA,"Sel",2025-07-23 03:51:30.315111,"StartTime: Wed Jul 23 03:30:08 2025"
"sel09_len_flt10sex1.png","Ending year selectivity for F10_REC.NZ.3",NA,"Sel",2025-07-23 03:51:30.315111,"StartTime: Wed Jul 23 03:30:08 2025"
"sel09_len_flt11sex1.png","Ending year selectivity for F11_LL.ALL.1",NA,"Sel",2025-07-23 03:51:30.315111,"StartTime: Wed Jul 23 03:30:08 2025"
"sel09_len_flt12sex1.png","Ending year selectivity for F12_LL.ALL.2",NA,"Sel",2025-07-23 03:51:30.315111,"StartTime: Wed Jul 23 03:30:08 2025"
"sel09_len_flt13sex1.png","Ending year selectivity for F13_LL.ALL.3",NA,"Sel",2025-07-23 03:51:30.315111,"StartTime: Wed Jul 23 03:30:08 2025"
"sel09_len_flt14sex1.png","Ending year selectivity for F14_LL.ALL.4",NA,"Sel",2025-07-23 03:51:30.315111,"StartTime: Wed Jul 23 03:30:08 2025"
"sel09_len_flt15sex1.png","Ending year selectivity for F15_LL.JP.2_early",NA,"Sel",2025-07-23 03:51:30.315111,"StartTime: Wed Jul 23 03:30:08 2025"
"sel09_len_flt16sex1.png","Ending year selectivity for F16_LL.NC.2",NA,"Sel",2025-07-23 03:51:30.315111,"StartTime: Wed Jul 23 03:30:08 2025"
"sel09_len_flt17sex1.png","Ending year selectivity for F17_LL.PF.4",NA,"Sel",2025-07-23 03:51:30.315111,"StartTime: Wed Jul 23 03:30:08 2025"
"sel09_len_flt18sex1.png","Ending year selectivity for S01_INDEX.1-4",NA,"Sel",2025-07-23 03:51:30.315111,"StartTime: Wed Jul 23 03:30:08 2025"
"sel09_len_flt19sex1.png","Ending year selectivity for S02_INDEX.NZ",NA,"Sel",2025-07-23 03:51:30.315111,"StartTime: Wed Jul 23 03:30:08 2025"
"sel09_len_flt20sex1.png","Ending year selectivity for S03_INDEX.AU",NA,"Sel",2025-07-23 03:51:30.315111,"StartTime: Wed Jul 23 03:30:08 2025"
"sel21_agelen_contour_flt1sex1.png","Ending year selectivity and growth for F01_LL.JP.1",NA,"Sel",2025-07-23 03:51:30.315111,"StartTime: Wed Jul 23 03:30:08 2025"
"sel21_agelen_contour_flt2sex1.png","Ending year selectivity and growth for F02_LL.JP.2",NA,"Sel",2025-07-23 03:51:30.315111,"StartTime: Wed Jul 23 03:30:08 2025"
"sel21_agelen_contour_flt3sex1.png","Ending year selectivity and growth for F03_LL.JP.3",NA,"Sel",2025-07-23 03:51:30.315111,"StartTime: Wed Jul 23 03:30:08 2025"
"sel21_agelen_contour_flt4sex1.png","Ending year selectivity and growth for F04_LL.JP.4",NA,"Sel",2025-07-23 03:51:30.315111,"StartTime: Wed Jul 23 03:30:08 2025"
"sel21_agelen_contour_flt5sex1.png","Ending year selectivity and growth for F05_LL.TW.4",NA,"Sel",2025-07-23 03:51:30.315111,"StartTime: Wed Jul 23 03:30:08 2025"
"sel21_agelen_contour_flt6sex1.png","Ending year selectivity and growth for F06_LL.AU.2",NA,"Sel",2025-07-23 03:51:30.315111,"StartTime: Wed Jul 23 03:30:08 2025"
"sel21_agelen_contour_flt7sex1.png","Ending year selectivity and growth for F07_LL.AU.3",NA,"Sel",2025-07-23 03:51:30.315111,"StartTime: Wed Jul 23 03:30:08 2025"
"sel21_agelen_contour_flt8sex1.png","Ending year selectivity and growth for F08_LL.NZ.3",NA,"Sel",2025-07-23 03:51:30.315111,"StartTime: Wed Jul 23 03:30:08 2025"
"sel21_agelen_contour_flt9sex1.png","Ending year selectivity and growth for F09.REC.AU.3",NA,"Sel",2025-07-23 03:51:30.315111,"StartTime: Wed Jul 23 03:30:08 2025"
"sel21_agelen_contour_flt10sex1.png","Ending year selectivity and growth for F10_REC.NZ.3",NA,"Sel",2025-07-23 03:51:30.315111,"StartTime: Wed Jul 23 03:30:08 2025"
"sel21_agelen_contour_flt11sex1.png","Ending year selectivity and growth for F11_LL.ALL.1",NA,"Sel",2025-07-23 03:51:30.315111,"StartTime: Wed Jul 23 03:30:08 2025"
"sel21_agelen_contour_flt12sex1.png","Ending year selectivity and growth for F12_LL.ALL.2",NA,"Sel",2025-07-23 03:51:30.315111,"StartTime: Wed Jul 23 03:30:08 2025"
"sel21_agelen_contour_flt13sex1.png","Ending year selectivity and growth for F13_LL.ALL.3",NA,"Sel",2025-07-23 03:51:30.315111,"StartTime: Wed Jul 23 03:30:08 2025"
"sel21_agelen_contour_flt14sex1.png","Ending year selectivity and growth for F14_LL.ALL.4",NA,"Sel",2025-07-23 03:51:30.315111,"StartTime: Wed Jul 23 03:30:08 2025"
"sel21_agelen_contour_flt15sex1.png","Ending year selectivity and growth for F15_LL.JP.2_early",NA,"Sel",2025-07-23 03:51:30.315111,"StartTime: Wed Jul 23 03:30:08 2025"
"sel21_agelen_contour_flt16sex1.png","Ending year selectivity and growth for F16_LL.NC.2",NA,"Sel",2025-07-23 03:51:30.315111,"StartTime: Wed Jul 23 03:30:08 2025"
"sel21_agelen_contour_flt17sex1.png","Ending year selectivity and growth for F17_LL.PF.4",NA,"Sel",2025-07-23 03:51:30.315111,"StartTime: Wed Jul 23 03:30:08 2025"
"sel21_agelen_contour_flt18sex1.png","Ending year selectivity and growth for S01_INDEX.1-4",NA,"Sel",2025-07-23 03:51:30.315111,"StartTime: Wed Jul 23 03:30:08 2025"
"sel21_agelen_contour_flt19sex1.png","Ending year selectivity and growth for S02_INDEX.NZ",NA,"Sel",2025-07-23 03:51:30.315111,"StartTime: Wed Jul 23 03:30:08 2025"
"sel21_agelen_contour_flt20sex1.png","Ending year selectivity and growth for S03_INDEX.AU",NA,"Sel",2025-07-23 03:51:30.315111,"StartTime: Wed Jul 23 03:30:08 2025"
"ts7_Spawning_output.png","Spawning biomass (t)",NA,"Timeseries",2025-07-23 03:51:30.315111,"StartTime: Wed Jul 23 03:30:08 2025"
"ts7_Spawning_output_with_95_intervals.png","Spawning biomass (t) with ~95% asymptotic intervals",NA,"Timeseries",2025-07-23 03:51:30.315111,"StartTime: Wed Jul 23 03:30:08 2025"
"ts9_Relative_spawning_biomass.png","Relative spawning biomass: B/B_MSY",NA,"Timeseries",2025-07-23 03:51:30.315111,"StartTime: Wed Jul 23 03:30:08 2025"
"ts9_Relative_spawning_biomass_intervals.png","Relative spawning biomass: B/B_MSY with ~95% asymptotic intervals",NA,"Timeseries",2025-07-23 03:51:30.315111,"StartTime: Wed Jul 23 03:30:08 2025"
"ts1_Total_biomass_(t).png","Total biomass (t)",NA,"Timeseries",2025-07-23 03:51:30.315111,"StartTime: Wed Jul 23 03:30:08 2025"
"ts3_Total_biomass_(t)_at_beginning_of_season_1.png","Total biomass (t) at beginning of season 1",NA,"Timeseries",2025-07-23 03:51:30.315111,"StartTime: Wed Jul 23 03:30:08 2025"
"ts4_Summary_biomass_(t).png","Summary biomass (t)",NA,"Timeseries",2025-07-23 03:51:30.315111,"StartTime: Wed Jul 23 03:30:08 2025"
"ts6_Summary_biomass_(t)_at_beginning_of_season_1.png","Summary biomass (t) at beginning of season 1",NA,"Timeseries",2025-07-23 03:51:30.315111,"StartTime: Wed Jul 23 03:30:08 2025"
"ts11_Age-0_recruits_(1000s).png","Age-0 recruits (1,000s)",NA,"Timeseries",2025-07-23 03:51:30.315111,"StartTime: Wed Jul 23 03:30:08 2025"
"ts11_Age-0_recruits_(1000s)_with_95_asymptotic_intervals.png","Age-0 recruits (1,000s) with ~95% asymptotic intervals",NA,"Timeseries",2025-07-23 03:51:30.315111,"StartTime: Wed Jul 23 03:30:08 2025"
"ts_summaryF.png","Summary F (definition of F depends on setting in starter.ss)",NA,"Timeseries",2025-07-23 03:51:30.315111,"StartTime: Wed Jul 23 03:30:08 2025"
"ts_DynamicB0.png","Dynamic B0 plot. The lower line shows the time series of estimated Spawning biomass (t) in the presence of fishing mortality. The upper line shows the time series that could occur under the same dynamics (including deviations in recruitment), but without fishing. The point at the left represents the unfished equilibrium.",NA,"Timeseries",2025-07-23 03:51:30.315111,"StartTime: Wed Jul 23 03:30:08 2025"
"recdevs1_points.png","Recruitment deviations",NA,"RecDev",2025-07-23 03:51:30.315111,"StartTime: Wed Jul 23 03:30:08 2025"
"recdevs2_withbars.png","Recruitment deviations with 95% intervals",NA,"RecDev",2025-07-23 03:51:30.315111,"StartTime: Wed Jul 23 03:30:08 2025"
"recdevs3_varcheck.png","Recruitment deviations variance check.<br> See later figure of transformed variance values for comparison with bias adjustment settings in the model.",NA,"RecDev",2025-07-23 03:51:30.315111,"StartTime: Wed Jul 23 03:30:08 2025"
"recruit_fit_bias_adjust.png","Points are transformed variances. Red line shows current settings for bias adjustment specified in control file. Blue line shows least squares estimate of alternative bias adjustment relationship for recruitment deviations (which may or may not be an improvement. For more information, see<br> 
<blockquote>Methot, R.D. and Taylor, I.G., 2011. Adjusting for bias due to variability of estimated recruitments in fishery assessment models. <i>Can. J. Fish. Aquat. Sci.</i>, 68:1744-1760.</blockquote><br> 
Estimated alternative inputs to SS control file associated with blue line in figure: 
<pre>1947.0   #_last_early_yr_nobias_adj_in_MPD 
1968.5   #_first_yr_fullbias_adj_in_MPD 
2020.8   #_last_yr_fullbias_adj_in_MPD 
2022.3   #_first_recent_yr_nobias_adj_in_MPD 
0.8381  #_max_bias_adj_in_MPD (1.0 to mimic pre-2009 models) </pre>",NA,"RecDev",2025-07-23 03:51:30.315111,"StartTime: Wed Jul 23 03:30:08 2025"
"SR_curve.png","Stock-recruit curve.  Point colors indicate year, with warmer colors indicating earlier years and cooler colors in showing later years.",NA,"S-R",2025-07-23 03:51:30.315111,"StartTime: Wed Jul 23 03:30:08 2025"
"SR_curve2.png","Stock-recruit curve with labels on first, last, and years with (log) deviations > 0.5. Point colors indicate year, with warmer colors indicating earlier years and cooler colors in showing later years.",NA,"S-R",2025-07-23 03:51:30.315111,"StartTime: Wed Jul 23 03:30:08 2025"
"SR_resids.png","Deviations around the stock-recruit curve. Labels are on first, last, and years with (log) deviations > 0.5. Point colors indicate year, with warmer colors indicating earlier years and cooler colors in showing later years.",NA,"S-R",2025-07-23 03:51:30.315111,"StartTime: Wed Jul 23 03:30:08 2025"
"catch1_landings.png","landings",NA,"Catch",2025-07-23 03:51:30.315111,"StartTime: Wed Jul 23 03:30:08 2025"
"catch2_landings_stacked.png","landings_stacked",NA,"Catch",2025-07-23 03:51:30.315111,"StartTime: Wed Jul 23 03:30:08 2025"
"catch3_observed_and_expected_landings_(if_different).png","observed_and_expected_landings_(if_different). Catch input in numbers is compared here to catch in biomass, making this figure less useful for models like this with catch in numbers. Future versions of this plot will be improve to compare catch in the same units.",NA,"Catch",2025-07-23 03:51:30.315111,"StartTime: Wed Jul 23 03:30:08 2025"
"catch9_harvest_rate.png","harvest_rate",NA,"Catch",2025-07-23 03:51:30.315111,"StartTime: Wed Jul 23 03:30:08 2025"
"catch10_landings_aggregated_across_seasons.png","_landings_aggregated_across_seasons",NA,"Catch",2025-07-23 03:51:30.315111,"StartTime: Wed Jul 23 03:30:08 2025"
"catch11_landings_aggregated_across_seasons_stacked.png","_landings_aggregated_across_seasons_stacked",NA,"Catch",2025-07-23 03:51:30.315111,"StartTime: Wed Jul 23 03:30:08 2025"
"SPR1_series.png","Timeseries of SPR. Horizontal line is at SPR at MSY: 0.26",NA,"SPR",2025-07-23 03:51:30.315111,"StartTime: Wed Jul 23 03:30:08 2025"
"SPR3_ratiointerval.png","Timeseries of SPR ratio: (1-SPR)/(1-SPR_MSY)",NA,"SPR",2025-07-23 03:51:30.315111,"StartTime: Wed Jul 23 03:30:08 2025"
"SPR4_phase.png","Phase plot of biomass ratio vs. SPR ratio.<br> Each point represents the biomass ratio at the start of the year and the relative fishing intensity in that same year. Warmer colors (red) represent early years and colder colors (blue) represent recent years. Lines through the final point show 95% intervals based on the asymptotic uncertainty for each dimension. The shaded ellipse is a 95% region which accounts for the estimated correlation between the two quantities: -0.901. ",NA,"SPR",2025-07-23 03:51:30.315111,"StartTime: Wed Jul 23 03:30:08 2025"
"index1_cpuedata_S01_INDEX.1-4.png","Index data for S01_INDEX.1-4. Lines indicate 95% uncertainty interval around index values based on the model assumption of lognormal error. Thicker lines (if present) indicate input uncertainty before addition of estimated additional uncertainty parameter.",NA,"Index",2025-07-23 03:51:30.315111,"StartTime: Wed Jul 23 03:30:08 2025"
"index2_cpuefit_S01_INDEX.1-4.png","Fit to index data for S01_INDEX.1-4. Lines indicate 95% uncertainty interval around index values based on the model assumption of lognormal error. Thicker lines (if present) indicate input uncertainty before addition of estimated additional uncertainty parameter.",NA,"Index",2025-07-23 03:51:30.315111,"StartTime: Wed Jul 23 03:30:08 2025"
"index3_obs_vs_exp_S01_INDEX.1-4.png","Observed vs. expected index values with smoother for S01_INDEX.1-4",NA,"Index",2025-07-23 03:51:30.315111,"StartTime: Wed Jul 23 03:30:08 2025"
"index4_logcpuedata_S01_INDEX.1-4.png","Log index data for S01_INDEX.1-4. Lines indicate 95% uncertainty interval around index values based on the model assumption of lognormal error. Thicker lines (if present) indicate input uncertainty before addition of estimated additional uncertainty parameter.",NA,"Index",2025-07-23 03:51:30.315111,"StartTime: Wed Jul 23 03:30:08 2025"
"index5_logcpuefit_S01_INDEX.1-4.png","Fit to log index data on log scale for S01_INDEX.1-4. Lines indicate 95% uncertainty interval around index values based on the model assumption of lognormal error. Thicker lines (if present) indicate input uncertainty before addition of estimated additional uncertainty parameter.",NA,"Index",2025-07-23 03:51:30.315111,"StartTime: Wed Jul 23 03:30:08 2025"
"index6_log_obs_vs_exp_S01_INDEX.1-4.png","log(observed) vs. log(expected) index values with smoother for S01_INDEX.1-4",NA,"Index",2025-07-23 03:51:30.315111,"StartTime: Wed Jul 23 03:30:08 2025"
"index10_resids_SE_total_S01_INDEX.1-4.png","Residuals of fit to index for S01_INDEX.1-4.<br>Values are (log(Obs) - log(Exp))/SE where SE is the total standard error including any estimated additional uncertainty.",NA,"Index",2025-07-23 03:51:30.315111,"StartTime: Wed Jul 23 03:30:08 2025"
"index12_resids_SE_total_S01_INDEX.1-4.png","Deviations for fit to index for S01_INDEX.1-4.<br>Values are log(Obs) - log(Exp) and thus independent of index uncertainty.",NA,"Index",2025-07-23 03:51:30.315111,"StartTime: Wed Jul 23 03:30:08 2025"
"index1_cpuedata_S02_INDEX.NZ.png","Index data for S02_INDEX.NZ. Lines indicate 95% uncertainty interval around index values based on the model assumption of lognormal error. Thicker lines (if present) indicate input uncertainty before addition of estimated additional uncertainty parameter.",NA,"Index",2025-07-23 03:51:30.315111,"StartTime: Wed Jul 23 03:30:08 2025"
"index2_cpuefit_S02_INDEX.NZ.png","Fit to index data for S02_INDEX.NZ. Lines indicate 95% uncertainty interval around index values based on the model assumption of lognormal error. Thicker lines (if present) indicate input uncertainty before addition of estimated additional uncertainty parameter.",NA,"Index",2025-07-23 03:51:30.315111,"StartTime: Wed Jul 23 03:30:08 2025"
"index3_obs_vs_exp_S02_INDEX.NZ.png","Observed vs. expected index values with smoother for S02_INDEX.NZ",NA,"Index",2025-07-23 03:51:30.315111,"StartTime: Wed Jul 23 03:30:08 2025"
"index4_logcpuedata_S02_INDEX.NZ.png","Log index data for S02_INDEX.NZ. Lines indicate 95% uncertainty interval around index values based on the model assumption of lognormal error. Thicker lines (if present) indicate input uncertainty before addition of estimated additional uncertainty parameter.",NA,"Index",2025-07-23 03:51:30.315111,"StartTime: Wed Jul 23 03:30:08 2025"
"index5_logcpuefit_S02_INDEX.NZ.png","Fit to log index data on log scale for S02_INDEX.NZ. Lines indicate 95% uncertainty interval around index values based on the model assumption of lognormal error. Thicker lines (if present) indicate input uncertainty before addition of estimated additional uncertainty parameter.",NA,"Index",2025-07-23 03:51:30.315111,"StartTime: Wed Jul 23 03:30:08 2025"
"index6_log_obs_vs_exp_S02_INDEX.NZ.png","log(observed) vs. log(expected) index values with smoother for S02_INDEX.NZ",NA,"Index",2025-07-23 03:51:30.315111,"StartTime: Wed Jul 23 03:30:08 2025"
"index10_resids_SE_total_S02_INDEX.NZ.png","Residuals of fit to index for S02_INDEX.NZ.<br>Values are (log(Obs) - log(Exp))/SE where SE is the total standard error including any estimated additional uncertainty.",NA,"Index",2025-07-23 03:51:30.315111,"StartTime: Wed Jul 23 03:30:08 2025"
"index12_resids_SE_total_S02_INDEX.NZ.png","Deviations for fit to index for S02_INDEX.NZ.<br>Values are log(Obs) - log(Exp) and thus independent of index uncertainty.",NA,"Index",2025-07-23 03:51:30.315111,"StartTime: Wed Jul 23 03:30:08 2025"
"index1_cpuedata_S03_INDEX.AU.png","Index data for S03_INDEX.AU. Lines indicate 95% uncertainty interval around index values based on the model assumption of lognormal error. Thicker lines (if present) indicate input uncertainty before addition of estimated additional uncertainty parameter.",NA,"Index",2025-07-23 03:51:30.315111,"StartTime: Wed Jul 23 03:30:08 2025"
"index2_cpuefit_S03_INDEX.AU.png","Fit to index data for S03_INDEX.AU. Lines indicate 95% uncertainty interval around index values based on the model assumption of lognormal error. Thicker lines (if present) indicate input uncertainty before addition of estimated additional uncertainty parameter.",NA,"Index",2025-07-23 03:51:30.315111,"StartTime: Wed Jul 23 03:30:08 2025"
"index3_obs_vs_exp_S03_INDEX.AU.png","Observed vs. expected index values with smoother for S03_INDEX.AU",NA,"Index",2025-07-23 03:51:30.315111,"StartTime: Wed Jul 23 03:30:08 2025"
"index4_logcpuedata_S03_INDEX.AU.png","Log index data for S03_INDEX.AU. Lines indicate 95% uncertainty interval around index values based on the model assumption of lognormal error. Thicker lines (if present) indicate input uncertainty before addition of estimated additional uncertainty parameter.",NA,"Index",2025-07-23 03:51:30.315111,"StartTime: Wed Jul 23 03:30:08 2025"
"index5_logcpuefit_S03_INDEX.AU.png","Fit to log index data on log scale for S03_INDEX.AU. Lines indicate 95% uncertainty interval around index values based on the model assumption of lognormal error. Thicker lines (if present) indicate input uncertainty before addition of estimated additional uncertainty parameter.",NA,"Index",2025-07-23 03:51:30.315111,"StartTime: Wed Jul 23 03:30:08 2025"
"index6_log_obs_vs_exp_S03_INDEX.AU.png","log(observed) vs. log(expected) index values with smoother for S03_INDEX.AU",NA,"Index",2025-07-23 03:51:30.315111,"StartTime: Wed Jul 23 03:30:08 2025"
"index10_resids_SE_total_S03_INDEX.AU.png","Residuals of fit to index for S03_INDEX.AU.<br>Values are (log(Obs) - log(Exp))/SE where SE is the total standard error including any estimated additional uncertainty.",NA,"Index",2025-07-23 03:51:30.315111,"StartTime: Wed Jul 23 03:30:08 2025"
"index12_resids_SE_total_S03_INDEX.AU.png","Deviations for fit to index for S03_INDEX.AU.<br>Values are log(Obs) - log(Exp) and thus independent of index uncertainty.",NA,"Index",2025-07-23 03:51:30.315111,"StartTime: Wed Jul 23 03:30:08 2025"
"index9_standcpueall.png","Standardized indices overlaid. Each index is rescaled to have mean observation = 1.0.",NA,"Index",2025-07-23 03:51:30.315111,"StartTime: Wed Jul 23 03:30:08 2025"
"numbers1_sex1_beg.png","Beginning of season 1 expected numbers at age in (max ~ 336.0 thousand)",NA,"Numbers",2025-07-23 03:51:30.315111,"StartTime: Wed Jul 23 03:30:08 2025"
"numbers1_sex1_mid.png","Middle of season 1 expected numbers at age in (max ~ 307.5 thousand)",NA,"Numbers",2025-07-23 03:51:30.315111,"StartTime: Wed Jul 23 03:30:08 2025"
"numbers6_len_sex1.png","Beginning of season 1 expected numbers at length in (max ~ 13.5 thousand)",NA,"Numbers",2025-07-23 03:51:30.315111,"StartTime: Wed Jul 23 03:30:08 2025"
"numbers6_len_sex1.png","Middle of season 1 expected numbers at length in (max ~ 12.3 thousand)",NA,"Numbers",2025-07-23 03:51:30.315111,"StartTime: Wed Jul 23 03:30:08 2025"
"numbers4_equilagecomp.png","Equilibrium age distribution",NA,"Numbers",2025-07-23 03:51:30.315111,"StartTime: Wed Jul 23 03:30:08 2025"
"numbers5_ageerrorSD.png","Ageing imprecision: SD of observed age (yr)",NA,"Numbers",2025-07-23 03:51:30.315111,"StartTime: Wed Jul 23 03:30:08 2025"
"numbers10_ageerror_matrix_1.png","Distribution of observed age at true age 
 for ageing error type 1",NA,"Numbers",2025-07-23 03:51:30.315111,"StartTime: Wed Jul 23 03:30:08 2025"
"comp_lendat__aggregated_across_time.png","Length comp data, aggregated across time by fleet.
 <br> Note: tail compression in use makes aggregated plots more difficult to interpret.
 <br> Labels 'retained' and 'discard' indicate discarded or retained sampled for each fleet. Panels without this designation represent the whole catch.
",NA,"CompDat",2025-07-23 03:51:30.315111,"StartTime: Wed Jul 23 03:30:08 2025"
"comp_lendat__page1_multi-fleet_comparison.png","Length comp data,  comparing across fleets (plot 1 of 2)",NA,"CompDat",2025-07-23 03:51:30.315111,"StartTime: Wed Jul 23 03:30:08 2025"
"comp_lendat__page2_multi-fleet_comparison.png","Length comp data,  comparing across fleets (plot 2 of 2)",NA,"CompDat",2025-07-23 03:51:30.315111,"StartTime: Wed Jul 23 03:30:08 2025"
"comp_lendat_flt1mkt0.png","Length comp data, whole catch, F01_LL.JP.1.<br><br>'N adj.' is the input sample size after data-weighting adjustment. N eff. is the calculated effective sample size used in the McAllister-Ianelli tuning method.",NA,"CompDat",2025-07-23 03:51:30.315111,"StartTime: Wed Jul 23 03:30:08 2025"
"comp_lendat_bubflt1mkt0.png","Length comp data, whole catch, F01_LL.JP.1 (max=0.28)",NA,"CompDat",2025-07-23 03:51:30.315111,"StartTime: Wed Jul 23 03:30:08 2025"
"comp_lendat_data_weighting_TA1-8_F01_LL.JP.1.png","Mean length for F01_LL.JP.1 with 95% confidence intervals based on current sample sizes.",NA,"CompDat",2025-07-23 03:51:30.315111,"StartTime: Wed Jul 23 03:30:08 2025"
"comp_lendat_flt2mkt0.png","Length comp data, whole catch, F02_LL.JP.2.<br><br>'N adj.' is the input sample size after data-weighting adjustment. N eff. is the calculated effective sample size used in the McAllister-Ianelli tuning method.",NA,"CompDat",2025-07-23 03:51:30.315111,"StartTime: Wed Jul 23 03:30:08 2025"
"comp_lendat_bubflt2mkt0.png","Length comp data, whole catch, F02_LL.JP.2 (max=0.25)",NA,"CompDat",2025-07-23 03:51:30.315111,"StartTime: Wed Jul 23 03:30:08 2025"
"comp_lendat_data_weighting_TA1-8_F02_LL.JP.2.png","Mean length for F02_LL.JP.2 with 95% confidence intervals based on current sample sizes.",NA,"CompDat",2025-07-23 03:51:30.315111,"StartTime: Wed Jul 23 03:30:08 2025"
"comp_lendat_flt3mkt0.png","Length comp data, whole catch, F03_LL.JP.3.<br><br>'N adj.' is the input sample size after data-weighting adjustment. N eff. is the calculated effective sample size used in the McAllister-Ianelli tuning method.",NA,"CompDat",2025-07-23 03:51:30.315111,"StartTime: Wed Jul 23 03:30:08 2025"
"comp_lendat_bubflt3mkt0.png","Length comp data, whole catch, F03_LL.JP.3 (max=0.25)",NA,"CompDat",2025-07-23 03:51:30.315111,"StartTime: Wed Jul 23 03:30:08 2025"
"comp_lendat_data_weighting_TA1-8_F03_LL.JP.3.png","Mean length for F03_LL.JP.3 with 95% confidence intervals based on current sample sizes.",NA,"CompDat",2025-07-23 03:51:30.315111,"StartTime: Wed Jul 23 03:30:08 2025"
"comp_lendat_flt5mkt0.png","Length comp data, whole catch, F05_LL.TW.4.<br><br>'N adj.' is the input sample size after data-weighting adjustment. N eff. is the calculated effective sample size used in the McAllister-Ianelli tuning method.",NA,"CompDat",2025-07-23 03:51:30.315111,"StartTime: Wed Jul 23 03:30:08 2025"
"comp_lendat_bubflt5mkt0.png","Length comp data, whole catch, F05_LL.TW.4 (max=0.21)",NA,"CompDat",2025-07-23 03:51:30.315111,"StartTime: Wed Jul 23 03:30:08 2025"
"comp_lendat_data_weighting_TA1-8_F05_LL.TW.4.png","Mean length for F05_LL.TW.4 with 95% confidence intervals based on current sample sizes.",NA,"CompDat",2025-07-23 03:51:30.315111,"StartTime: Wed Jul 23 03:30:08 2025"
"comp_lendat_flt10mkt0.png","Length comp data, whole catch, F10_REC.NZ.3.<br><br>'N adj.' is the input sample size after data-weighting adjustment. N eff. is the calculated effective sample size used in the McAllister-Ianelli tuning method.",NA,"CompDat",2025-07-23 03:51:30.315111,"StartTime: Wed Jul 23 03:30:08 2025"
"comp_lendat_bubflt10mkt0.png","Length comp data, whole catch, F10_REC.NZ.3 (max=0.99)",NA,"CompDat",2025-07-23 03:51:30.315111,"StartTime: Wed Jul 23 03:30:08 2025"
"comp_lendat_data_weighting_TA1-8_F10_REC.NZ.3.png","Mean length for F10_REC.NZ.3 with 95% confidence intervals based on current sample sizes.",NA,"CompDat",2025-07-23 03:51:30.315111,"StartTime: Wed Jul 23 03:30:08 2025"
"comp_lendat_flt16mkt0_page1.png","Length comp data, whole catch, F16_LL.NC.2 (plot 1 of 2).<br><br>'N adj.' is the input sample size after data-weighting adjustment. N eff. is the calculated effective sample size used in the McAllister-Ianelli tuning method.",NA,"CompDat",2025-07-23 03:51:30.315111,"StartTime: Wed Jul 23 03:30:08 2025"
"comp_lendat_flt16mkt0_page2.png","Length comp data, whole catch, F16_LL.NC.2 (plot 1 of 2).<br><br>'N adj.' is the input sample size after data-weighting adjustment. N eff. is the calculated effective sample size used in the McAllister-Ianelli tuning method. (plot 2 of 2)",NA,"CompDat",2025-07-23 03:51:30.315111,"StartTime: Wed Jul 23 03:30:08 2025"
"comp_lendat_bubflt16mkt0_page2.png","Length comp data, whole catch, F16_LL.NC.2 (max=0.28) (plot 2 of 2)",NA,"CompDat",2025-07-23 03:51:30.315111,"StartTime: Wed Jul 23 03:30:08 2025"
"comp_lendat_data_weighting_TA1-8_F16_LL.NC.2.png","Mean length for F16_LL.NC.2 with 95% confidence intervals based on current sample sizes.",NA,"CompDat",2025-07-23 03:51:30.315111,"StartTime: Wed Jul 23 03:30:08 2025"
"comp_lendat_flt17mkt0.png","Length comp data, whole catch, F17_LL.PF.4.<br><br>'N adj.' is the input sample size after data-weighting adjustment. N eff. is the calculated effective sample size used in the McAllister-Ianelli tuning method.",NA,"CompDat",2025-07-23 03:51:30.315111,"StartTime: Wed Jul 23 03:30:08 2025"
"comp_lendat_bubflt17mkt0.png","Length comp data, whole catch, F17_LL.PF.4 (max=0.23)",NA,"CompDat",2025-07-23 03:51:30.315111,"StartTime: Wed Jul 23 03:30:08 2025"
"comp_lendat_data_weighting_TA1-8_F17_LL.PF.4.png","Mean length for F17_LL.PF.4 with 95% confidence intervals based on current sample sizes.",NA,"CompDat",2025-07-23 03:51:30.315111,"StartTime: Wed Jul 23 03:30:08 2025"
"comp_sizedat__aggregated_across_time.png","Size comp data, aggregated across time by fleet.
 <br> Labels 'retained' and 'discard' indicate discarded or retained sampled for each fleet. Panels without this designation represent the whole catch.
",NA,"CompDat",2025-07-23 03:51:30.315111,"StartTime: Wed Jul 23 03:30:08 2025"
"comp_sizedat_flt1mkt0.png","Size comp data, whole catch, F01_LL.JP.1.<br><br>'N adj.' is the input sample size after data-weighting adjustment. N eff. is the calculated effective sample size used in the McAllister-Ianelli tuning method.",NA,"CompDat",2025-07-23 03:51:30.315111,"StartTime: Wed Jul 23 03:30:08 2025"
"comp_sizedat_bubflt1mkt0.png","Size comp data, whole catch, F01_LL.JP.1 (max=0.08)",NA,"CompDat",2025-07-23 03:51:30.315111,"StartTime: Wed Jul 23 03:30:08 2025"
"comp_sizedat_data_weighting_TA1-8_F01_LL.JP.1.png","Mean size for F01_LL.JP.1 with 95% confidence intervals based on current sample sizes.",NA,"CompDat",2025-07-23 03:51:30.315111,"StartTime: Wed Jul 23 03:30:08 2025"
"comp_sizedat_flt2mkt0_page1.png","Size comp data, whole catch, F02_LL.JP.2 (plot 1 of 2).<br><br>'N adj.' is the input sample size after data-weighting adjustment. N eff. is the calculated effective sample size used in the McAllister-Ianelli tuning method.",NA,"CompDat",2025-07-23 03:51:30.315111,"StartTime: Wed Jul 23 03:30:08 2025"
"comp_sizedat_flt2mkt0_page2.png","Size comp data, whole catch, F02_LL.JP.2 (plot 1 of 2).<br><br>'N adj.' is the input sample size after data-weighting adjustment. N eff. is the calculated effective sample size used in the McAllister-Ianelli tuning method. (plot 2 of 2)",NA,"CompDat",2025-07-23 03:51:30.315111,"StartTime: Wed Jul 23 03:30:08 2025"
"comp_sizedat_bubflt2mkt0_page2.png","Size comp data, whole catch, F02_LL.JP.2 (max=0.1) (plot 2 of 2)",NA,"CompDat",2025-07-23 03:51:30.315111,"StartTime: Wed Jul 23 03:30:08 2025"
"comp_sizedat_data_weighting_TA1-8_F02_LL.JP.2.png","Mean size for F02_LL.JP.2 with 95% confidence intervals based on current sample sizes.",NA,"CompDat",2025-07-23 03:51:30.315111,"StartTime: Wed Jul 23 03:30:08 2025"
"comp_sizedat_flt3mkt0.png","Size comp data, whole catch, F03_LL.JP.3.<br><br>'N adj.' is the input sample size after data-weighting adjustment. N eff. is the calculated effective sample size used in the McAllister-Ianelli tuning method.",NA,"CompDat",2025-07-23 03:51:30.315111,"StartTime: Wed Jul 23 03:30:08 2025"
"comp_sizedat_bubflt3mkt0.png","Size comp data, whole catch, F03_LL.JP.3 (max=0.1)",NA,"CompDat",2025-07-23 03:51:30.315111,"StartTime: Wed Jul 23 03:30:08 2025"
"comp_sizedat_data_weighting_TA1-8_F03_LL.JP.3.png","Mean size for F03_LL.JP.3 with 95% confidence intervals based on current sample sizes.",NA,"CompDat",2025-07-23 03:51:30.315111,"StartTime: Wed Jul 23 03:30:08 2025"
"comp_sizedat_flt6mkt0_page1.png","Size comp data, whole catch, F06_LL.AU.2 (plot 1 of 4).<br><br>'N adj.' is the input sample size after data-weighting adjustment. N eff. is the calculated effective sample size used in the McAllister-Ianelli tuning method.",NA,"CompDat",2025-07-23 03:51:30.315111,"StartTime: Wed Jul 23 03:30:08 2025"
"comp_sizedat_flt6mkt0_page2.png","Size comp data, whole catch, F06_LL.AU.2 (plot 1 of 4).<br><br>'N adj.' is the input sample size after data-weighting adjustment. N eff. is the calculated effective sample size used in the McAllister-Ianelli tuning method. (plot 2 of 4)",NA,"CompDat",2025-07-23 03:51:30.315111,"StartTime: Wed Jul 23 03:30:08 2025"
"comp_sizedat_flt6mkt0_page3.png","Size comp data, whole catch, F06_LL.AU.2 (plot 1 of 4).<br><br>'N adj.' is the input sample size after data-weighting adjustment. N eff. is the calculated effective sample size used in the McAllister-Ianelli tuning method. (plot 2 of 4) (plot 3 of 4)",NA,"CompDat",2025-07-23 03:51:30.315111,"StartTime: Wed Jul 23 03:30:08 2025"
"comp_sizedat_flt6mkt0_page4.png","Size comp data, whole catch, F06_LL.AU.2 (plot 1 of 4).<br><br>'N adj.' is the input sample size after data-weighting adjustment. N eff. is the calculated effective sample size used in the McAllister-Ianelli tuning method. (plot 2 of 4) (plot 3 of 4) (plot 4 of 4)",NA,"CompDat",2025-07-23 03:51:30.315111,"StartTime: Wed Jul 23 03:30:08 2025"
"comp_sizedat_bubflt6mkt0_page4.png","Size comp data, whole catch, F06_LL.AU.2 (max=0.11) (plot 4 of 4)",NA,"CompDat",2025-07-23 03:51:30.315111,"StartTime: Wed Jul 23 03:30:08 2025"
"comp_sizedat_data_weighting_TA1-8_F06_LL.AU.2.png","Mean size for F06_LL.AU.2 with 95% confidence intervals based on current sample sizes.",NA,"CompDat",2025-07-23 03:51:30.315111,"StartTime: Wed Jul 23 03:30:08 2025"
"comp_sizedat_flt7mkt0.png","Size comp data, whole catch, F07_LL.AU.3.<br><br>'N adj.' is the input sample size after data-weighting adjustment. N eff. is the calculated effective sample size used in the McAllister-Ianelli tuning method.",NA,"CompDat",2025-07-23 03:51:30.315111,"StartTime: Wed Jul 23 03:30:08 2025"
"comp_sizedat_bubflt7mkt0.png","Size comp data, whole catch, F07_LL.AU.3 (max=0.1)",NA,"CompDat",2025-07-23 03:51:30.315111,"StartTime: Wed Jul 23 03:30:08 2025"
"comp_sizedat_data_weighting_TA1-8_F07_LL.AU.3.png","Mean size for F07_LL.AU.3 with 95% confidence intervals based on current sample sizes.",NA,"CompDat",2025-07-23 03:51:30.315111,"StartTime: Wed Jul 23 03:30:08 2025"
"comp_sizedat_flt9mkt0_page1.png","Size comp data, whole catch, F09.REC.AU.3 (plot 1 of 2).<br><br>'N adj.' is the input sample size after data-weighting adjustment. N eff. is the calculated effective sample size used in the McAllister-Ianelli tuning method.",NA,"CompDat",2025-07-23 03:51:30.315111,"StartTime: Wed Jul 23 03:30:08 2025"
"comp_sizedat_flt9mkt0_page2.png","Size comp data, whole catch, F09.REC.AU.3 (plot 1 of 2).<br><br>'N adj.' is the input sample size after data-weighting adjustment. N eff. is the calculated effective sample size used in the McAllister-Ianelli tuning method. (plot 2 of 2)",NA,"CompDat",2025-07-23 03:51:30.315111,"StartTime: Wed Jul 23 03:30:08 2025"
"comp_sizedat_bubflt9mkt0_page2.png","Size comp data, whole catch, F09.REC.AU.3 (max=0.15) (plot 2 of 2)",NA,"CompDat",2025-07-23 03:51:30.315111,"StartTime: Wed Jul 23 03:30:08 2025"
"comp_sizedat_data_weighting_TA1-8_F09.REC.AU.3.png","Mean size for F09.REC.AU.3 with 95% confidence intervals based on current sample sizes.",NA,"CompDat",2025-07-23 03:51:30.315111,"StartTime: Wed Jul 23 03:30:08 2025"
"comp_sizedat_flt10mkt0_page1.png","Size comp data, whole catch, F10_REC.NZ.3 (plot 1 of 2).<br><br>'N adj.' is the input sample size after data-weighting adjustment. N eff. is the calculated effective sample size used in the McAllister-Ianelli tuning method.",NA,"CompDat",2025-07-23 03:51:30.315111,"StartTime: Wed Jul 23 03:30:08 2025"
"comp_sizedat_flt10mkt0_page2.png","Size comp data, whole catch, F10_REC.NZ.3 (plot 1 of 2).<br><br>'N adj.' is the input sample size after data-weighting adjustment. N eff. is the calculated effective sample size used in the McAllister-Ianelli tuning method. (plot 2 of 2)",NA,"CompDat",2025-07-23 03:51:30.315111,"StartTime: Wed Jul 23 03:30:08 2025"
"comp_sizedat_bubflt10mkt0_page2.png","Size comp data, whole catch, F10_REC.NZ.3 (max=0.11) (plot 2 of 2)",NA,"CompDat",2025-07-23 03:51:30.315111,"StartTime: Wed Jul 23 03:30:08 2025"
"comp_sizedat_data_weighting_TA1-8_F10_REC.NZ.3.png","Mean size for F10_REC.NZ.3 with 95% confidence intervals based on current sample sizes.",NA,"CompDat",2025-07-23 03:51:30.315111,"StartTime: Wed Jul 23 03:30:08 2025"
"comp_condAALdat_bubflt9mkt0.png","Conditional age-at-length data, whole catch, F09.REC.AU.3 (max=1)",NA,"CompDat",2025-07-23 03:51:30.315111,"StartTime: Wed Jul 23 03:30:08 2025"
"comp_condAALdat_bubflt10mkt0.png","Conditional age-at-length data, whole catch, F10_REC.NZ.3 (max=1)",NA,"CompDat",2025-07-23 03:51:30.315111,"StartTime: Wed Jul 23 03:30:08 2025"
"comp_condAALdat_bubflt12mkt0.png","Conditional age-at-length data, whole catch, F12_LL.ALL.2 (max=1)",NA,"CompDat",2025-07-23 03:51:30.315111,"StartTime: Wed Jul 23 03:30:08 2025"
"comp_lenfit__aggregated_across_time.png","Length comps, aggregated across time by fleet.
 <br> Note: tail compression in use makes aggregated plots more difficult to interpret.
 <br> Labels 'retained' and 'discard' indicate discarded or retained sampled for each fleet. Panels without this designation represent the whole catch.
",NA,"LenComp",2025-07-23 03:51:30.315111,"StartTime: Wed Jul 23 03:30:08 2025"
"comp_lenfit__page1_multi-fleet_comparison.png","Pearson residuals,  comparing across fleets (plot 1 of 2) <br> 
Closed bubbles are positive residuals (observed > expected) and open bubbles are negative residuals (observed < expected).",NA,"LenComp",2025-07-23 03:51:30.315111,"StartTime: Wed Jul 23 03:30:08 2025"
"comp_lenfit__page2_multi-fleet_comparison.png","Pearson residuals,  comparing across fleets (plot 2 of 2)",NA,"LenComp",2025-07-23 03:51:30.315111,"StartTime: Wed Jul 23 03:30:08 2025"
"comp_lenfit_flt1mkt0.png","Length comps, whole catch, F01_LL.JP.1.<br><br>'N adj.' is the input sample size after data-weighting adjustment. N eff. is the calculated effective sample size used in the McAllister-Ianelli tuning method.",NA,"LenComp",2025-07-23 03:51:30.315111,"StartTime: Wed Jul 23 03:30:08 2025"
"comp_lenfit_residsflt1mkt0.png","Pearson residuals, whole catch, F01_LL.JP.1 (max=10.08) <br> 
Closed bubbles are positive residuals (observed > expected) and open bubbles are negative residuals (observed < expected).",NA,"LenComp",2025-07-23 03:51:30.315111,"StartTime: Wed Jul 23 03:30:08 2025"
"comp_lenfit_sampsize_flt1mkt0.png","N-EffN comparison, Length comps, whole catch, F01_LL.JP.1",NA,"LenComp",2025-07-23 03:51:30.315111,"StartTime: Wed Jul 23 03:30:08 2025"
"comp_lenfit_data_weighting_TA1-8_F01_LL.JP.1.png","Mean length for F01_LL.JP.1 with 95% confidence intervals based on current sample sizes.<br>Francis data weighting method TA1.8: thinner intervals (with capped ends) show result of further adjusting sample sizes based on suggested multiplier (with 95% interval) for len data from F01_LL.JP.1:<br>6.1931 (4.8264-Inf) <br>For more info, see  <a href=https://doi.org/10.1139/f2011-025> Francis (2011)</a>.",NA,"LenComp",2025-07-23 03:51:30.315111,"StartTime: Wed Jul 23 03:30:08 2025"
"comp_lenfit_flt2mkt0.png","Length comps, whole catch, F02_LL.JP.2.<br><br>'N adj.' is the input sample size after data-weighting adjustment. N eff. is the calculated effective sample size used in the McAllister-Ianelli tuning method.",NA,"LenComp",2025-07-23 03:51:30.315111,"StartTime: Wed Jul 23 03:30:08 2025"
"comp_lenfit_residsflt2mkt0.png","Pearson residuals, whole catch, F02_LL.JP.2 (max=20.98) <br> 
Closed bubbles are positive residuals (observed > expected) and open bubbles are negative residuals (observed < expected).",NA,"LenComp",2025-07-23 03:51:30.315111,"StartTime: Wed Jul 23 03:30:08 2025"
"comp_lenfit_sampsize_flt2mkt0.png","N-EffN comparison, Length comps, whole catch, F02_LL.JP.2",NA,"LenComp",2025-07-23 03:51:30.315111,"StartTime: Wed Jul 23 03:30:08 2025"
"comp_lenfit_data_weighting_TA1-8_F02_LL.JP.2.png","Mean length for F02_LL.JP.2 with 95% confidence intervals based on current sample sizes.<br>Francis data weighting method TA1.8: thinner intervals (with capped ends) show result of further adjusting sample sizes based on suggested multiplier (with 95% interval) for len data from F02_LL.JP.2:<br>0.244 (0.1334-2.2235) <br>For more info, see  <a href=https://doi.org/10.1139/f2011-025> Francis (2011)</a>.",NA,"LenComp",2025-07-23 03:51:30.315111,"StartTime: Wed Jul 23 03:30:08 2025"
"comp_lenfit_flt3mkt0.png","Length comps, whole catch, F03_LL.JP.3.<br><br>'N adj.' is the input sample size after data-weighting adjustment. N eff. is the calculated effective sample size used in the McAllister-Ianelli tuning method.",NA,"LenComp",2025-07-23 03:51:30.315111,"StartTime: Wed Jul 23 03:30:08 2025"
"comp_lenfit_residsflt3mkt0.png","Pearson residuals, whole catch, F03_LL.JP.3 (max=8.12) <br> 
Closed bubbles are positive residuals (observed > expected) and open bubbles are negative residuals (observed < expected).",NA,"LenComp",2025-07-23 03:51:30.315111,"StartTime: Wed Jul 23 03:30:08 2025"
"comp_lenfit_sampsize_flt3mkt0.png","N-EffN comparison, Length comps, whole catch, F03_LL.JP.3",NA,"LenComp",2025-07-23 03:51:30.315111,"StartTime: Wed Jul 23 03:30:08 2025"
"comp_lenfit_data_weighting_TA1-8_F03_LL.JP.3.png","Mean length for F03_LL.JP.3 with 95% confidence intervals based on current sample sizes.<br>Francis data weighting method TA1.8: thinner intervals (with capped ends) show result of further adjusting sample sizes based on suggested multiplier (with 95% interval) for len data from F03_LL.JP.3:<br>2.3442 (1.6916-22.0489) <br>For more info, see  <a href=https://doi.org/10.1139/f2011-025> Francis (2011)</a>.",NA,"LenComp",2025-07-23 03:51:30.315111,"StartTime: Wed Jul 23 03:30:08 2025"
"comp_lenfit_flt5mkt0.png","Length comps, whole catch, F05_LL.TW.4.<br><br>'N adj.' is the input sample size after data-weighting adjustment. N eff. is the calculated effective sample size used in the McAllister-Ianelli tuning method.",NA,"LenComp",2025-07-23 03:51:30.315111,"StartTime: Wed Jul 23 03:30:08 2025"
"comp_lenfit_residsflt5mkt0.png","Pearson residuals, whole catch, F05_LL.TW.4 (max=6.77) <br> 
Closed bubbles are positive residuals (observed > expected) and open bubbles are negative residuals (observed < expected).",NA,"LenComp",2025-07-23 03:51:30.315111,"StartTime: Wed Jul 23 03:30:08 2025"
"comp_lenfit_sampsize_flt5mkt0.png","N-EffN comparison, Length comps, whole catch, F05_LL.TW.4",NA,"LenComp",2025-07-23 03:51:30.315111,"StartTime: Wed Jul 23 03:30:08 2025"
"comp_lenfit_data_weighting_TA1-8_F05_LL.TW.4.png","Mean length for F05_LL.TW.4 with 95% confidence intervals based on current sample sizes.<br>Francis data weighting method TA1.8: thinner intervals (with capped ends) show result of further adjusting sample sizes based on suggested multiplier (with 95% interval) for len data from F05_LL.TW.4:<br>1.7494 (1.3596-Inf) <br>For more info, see  <a href=https://doi.org/10.1139/f2011-025> Francis (2011)</a>.",NA,"LenComp",2025-07-23 03:51:30.315111,"StartTime: Wed Jul 23 03:30:08 2025"
"comp_lenfit_flt10mkt0.png","Length comps, whole catch, F10_REC.NZ.3.<br><br>'N adj.' is the input sample size after data-weighting adjustment. N eff. is the calculated effective sample size used in the McAllister-Ianelli tuning method.",NA,"LenComp",2025-07-23 03:51:30.315111,"StartTime: Wed Jul 23 03:30:08 2025"
"comp_lenfit_residsflt10mkt0.png","Pearson residuals, whole catch, F10_REC.NZ.3 (max=4.42) <br> 
Closed bubbles are positive residuals (observed > expected) and open bubbles are negative residuals (observed < expected).",NA,"LenComp",2025-07-23 03:51:30.315111,"StartTime: Wed Jul 23 03:30:08 2025"
"comp_lenfit_sampsize_flt10mkt0.png","N-EffN comparison, Length comps, whole catch, F10_REC.NZ.3",NA,"LenComp",2025-07-23 03:51:30.315111,"StartTime: Wed Jul 23 03:30:08 2025"
"comp_lenfit_data_weighting_TA1-8_F10_REC.NZ.3.png","Mean length for F10_REC.NZ.3 with 95% confidence intervals based on current sample sizes.<br>Francis data weighting method TA1.8: thinner intervals (with capped ends) show result of further adjusting sample sizes based on suggested multiplier (with 95% interval) for len data from F10_REC.NZ.3:<br>1.298 (0.9233-2.297) <br>For more info, see  <a href=https://doi.org/10.1139/f2011-025> Francis (2011)</a>.",NA,"LenComp",2025-07-23 03:51:30.315111,"StartTime: Wed Jul 23 03:30:08 2025"
"comp_lenfit_flt16mkt0_page1.png","Length comps, whole catch, F16_LL.NC.2 (plot 1 of 2).<br><br>'N adj.' is the input sample size after data-weighting adjustment. N eff. is the calculated effective sample size used in the McAllister-Ianelli tuning method.",NA,"LenComp",2025-07-23 03:51:30.315111,"StartTime: Wed Jul 23 03:30:08 2025"
"comp_lenfit_flt16mkt0_page2.png","Length comps, whole catch, F16_LL.NC.2 (plot 1 of 2).<br><br>'N adj.' is the input sample size after data-weighting adjustment. N eff. is the calculated effective sample size used in the McAllister-Ianelli tuning method. (plot 2 of 2)",NA,"LenComp",2025-07-23 03:51:30.315111,"StartTime: Wed Jul 23 03:30:08 2025"
"comp_lenfit_residsflt16mkt0_page2.png","Pearson residuals, whole catch, F16_LL.NC.2 (max=7.32) (plot 2 of 2) <br> 
Closed bubbles are positive residuals (observed > expected) and open bubbles are negative residuals (observed < expected).",NA,"LenComp",2025-07-23 03:51:30.315111,"StartTime: Wed Jul 23 03:30:08 2025"
"comp_lenfit_sampsize_flt16mkt0.png","N-EffN comparison, Length comps, whole catch, F16_LL.NC.2",NA,"LenComp",2025-07-23 03:51:30.315111,"StartTime: Wed Jul 23 03:30:08 2025"
"comp_lenfit_data_weighting_TA1-8_F16_LL.NC.2.png","Mean length for F16_LL.NC.2 with 95% confidence intervals based on current sample sizes.<br>Francis data weighting method TA1.8: thinner intervals (with capped ends) show result of further adjusting sample sizes based on suggested multiplier (with 95% interval) for len data from F16_LL.NC.2:<br>2.0586 (1.3691-3.9219) <br>For more info, see  <a href=https://doi.org/10.1139/f2011-025> Francis (2011)</a>.",NA,"LenComp",2025-07-23 03:51:30.315111,"StartTime: Wed Jul 23 03:30:08 2025"
"comp_lenfit_flt17mkt0.png","Length comps, whole catch, F17_LL.PF.4.<br><br>'N adj.' is the input sample size after data-weighting adjustment. N eff. is the calculated effective sample size used in the McAllister-Ianelli tuning method.",NA,"LenComp",2025-07-23 03:51:30.315111,"StartTime: Wed Jul 23 03:30:08 2025"
"comp_lenfit_residsflt17mkt0.png","Pearson residuals, whole catch, F17_LL.PF.4 (max=3.3) <br> 
Closed bubbles are positive residuals (observed > expected) and open bubbles are negative residuals (observed < expected).",NA,"LenComp",2025-07-23 03:51:30.315111,"StartTime: Wed Jul 23 03:30:08 2025"
"comp_lenfit_sampsize_flt17mkt0.png","N-EffN comparison, Length comps, whole catch, F17_LL.PF.4",NA,"LenComp",2025-07-23 03:51:30.315111,"StartTime: Wed Jul 23 03:30:08 2025"
"comp_lenfit_data_weighting_TA1-8_F17_LL.PF.4.png","Mean length for F17_LL.PF.4 with 95% confidence intervals based on current sample sizes.<br>Francis data weighting method TA1.8: thinner intervals (with capped ends) show result of further adjusting sample sizes based on suggested multiplier (with 95% interval) for len data from F17_LL.PF.4:<br>4.2582 (2.3497-24.1183) <br>For more info, see  <a href=https://doi.org/10.1139/f2011-025> Francis (2011)</a>.",NA,"LenComp",2025-07-23 03:51:30.315111,"StartTime: Wed Jul 23 03:30:08 2025"
"comp_sizefit__aggregated_across_time.png","Size comps, aggregated across time by fleet.
 <br> Labels 'retained' and 'discard' indicate discarded or retained sampled for each fleet. Panels without this designation represent the whole catch.
",NA,"SizeComp",2025-07-23 03:51:30.315111,"StartTime: Wed Jul 23 03:30:08 2025"
"comp_sizefit_flt1mkt0.png","Size comps, whole catch, F01_LL.JP.1.<br><br>'N adj.' is the input sample size after data-weighting adjustment. N eff. is the calculated effective sample size used in the McAllister-Ianelli tuning method.",NA,"SizeComp",2025-07-23 03:51:30.315111,"StartTime: Wed Jul 23 03:30:08 2025"
"comp_sizefit_residsflt1mkt0.png","Pearson residuals, whole catch, F01_LL.JP.1 (max=1.24) <br> 
Closed bubbles are positive residuals (observed > expected) and open bubbles are negative residuals (observed < expected).",NA,"SizeComp",2025-07-23 03:51:30.315111,"StartTime: Wed Jul 23 03:30:08 2025"
"comp_sizefit_sampsize_flt1mkt0.png","N-EffN comparison, Size comps, whole catch, F01_LL.JP.1",NA,"SizeComp",2025-07-23 03:51:30.315111,"StartTime: Wed Jul 23 03:30:08 2025"
"comp_sizefit_data_weighting_TA1-8_F01_LL.JP.1.png","Mean size for F01_LL.JP.1 with 95% confidence intervals based on current sample sizes.<br>Francis data weighting method TA1.8: too few points to calculate adjustments. <br>For more info, see  <a href=https://doi.org/10.1139/f2011-025> Francis (2011)</a>.",NA,"SizeComp",2025-07-23 03:51:30.315111,"StartTime: Wed Jul 23 03:30:08 2025"
"comp_sizefit_flt2mkt0_page1.png","Size comps, whole catch, F02_LL.JP.2 (plot 1 of 2).<br><br>'N adj.' is the input sample size after data-weighting adjustment. N eff. is the calculated effective sample size used in the McAllister-Ianelli tuning method.",NA,"SizeComp",2025-07-23 03:51:30.315111,"StartTime: Wed Jul 23 03:30:08 2025"
"comp_sizefit_flt2mkt0_page2.png","Size comps, whole catch, F02_LL.JP.2 (plot 1 of 2).<br><br>'N adj.' is the input sample size after data-weighting adjustment. N eff. is the calculated effective sample size used in the McAllister-Ianelli tuning method. (plot 2 of 2)",NA,"SizeComp",2025-07-23 03:51:30.315111,"StartTime: Wed Jul 23 03:30:08 2025"
"comp_sizefit_residsflt2mkt0_page2.png","Pearson residuals, whole catch, F02_LL.JP.2 (max=5.48) (plot 2 of 2) <br> 
Closed bubbles are positive residuals (observed > expected) and open bubbles are negative residuals (observed < expected).",NA,"SizeComp",2025-07-23 03:51:30.315111,"StartTime: Wed Jul 23 03:30:08 2025"
"comp_sizefit_sampsize_flt2mkt0.png","N-EffN comparison, Size comps, whole catch, F02_LL.JP.2",NA,"SizeComp",2025-07-23 03:51:30.315111,"StartTime: Wed Jul 23 03:30:08 2025"
"comp_sizefit_data_weighting_TA1-8_F02_LL.JP.2.png","Mean size for F02_LL.JP.2 with 95% confidence intervals based on current sample sizes.<br>Francis data weighting method TA1.8: thinner intervals (with capped ends) show result of further adjusting sample sizes based on suggested multiplier (with 95% interval) for size data from F02_LL.JP.2:<br>0.7032 (0.4321-2.9974) <br>For more info, see  <a href=https://doi.org/10.1139/f2011-025> Francis (2011)</a>.",NA,"SizeComp",2025-07-23 03:51:30.315111,"StartTime: Wed Jul 23 03:30:08 2025"
"comp_sizefit_flt3mkt0.png","Size comps, whole catch, F03_LL.JP.3.<br><br>'N adj.' is the input sample size after data-weighting adjustment. N eff. is the calculated effective sample size used in the McAllister-Ianelli tuning method.",NA,"SizeComp",2025-07-23 03:51:30.315111,"StartTime: Wed Jul 23 03:30:08 2025"
"comp_sizefit_residsflt3mkt0.png","Pearson residuals, whole catch, F03_LL.JP.3 (max=5.56) <br> 
Closed bubbles are positive residuals (observed > expected) and open bubbles are negative residuals (observed < expected).",NA,"SizeComp",2025-07-23 03:51:30.315111,"StartTime: Wed Jul 23 03:30:08 2025"
"comp_sizefit_sampsize_flt3mkt0.png","N-EffN comparison, Size comps, whole catch, F03_LL.JP.3",NA,"SizeComp",2025-07-23 03:51:30.315111,"StartTime: Wed Jul 23 03:30:08 2025"
"comp_sizefit_data_weighting_TA1-8_F03_LL.JP.3.png","Mean size for F03_LL.JP.3 with 95% confidence intervals based on current sample sizes.<br>Francis data weighting method TA1.8: thinner intervals (with capped ends) show result of further adjusting sample sizes based on suggested multiplier (with 95% interval) for size data from F03_LL.JP.3:<br>0.8716 (0.5247-2.61) <br>For more info, see  <a href=https://doi.org/10.1139/f2011-025> Francis (2011)</a>.",NA,"SizeComp",2025-07-23 03:51:30.315111,"StartTime: Wed Jul 23 03:30:08 2025"
"comp_sizefit_flt6mkt0_page1.png","Size comps, whole catch, F06_LL.AU.2 (plot 1 of 4).<br><br>'N adj.' is the input sample size after data-weighting adjustment. N eff. is the calculated effective sample size used in the McAllister-Ianelli tuning method.",NA,"SizeComp",2025-07-23 03:51:30.315111,"StartTime: Wed Jul 23 03:30:08 2025"
"comp_sizefit_flt6mkt0_page2.png","Size comps, whole catch, F06_LL.AU.2 (plot 1 of 4).<br><br>'N adj.' is the input sample size after data-weighting adjustment. N eff. is the calculated effective sample size used in the McAllister-Ianelli tuning method. (plot 2 of 4)",NA,"SizeComp",2025-07-23 03:51:30.315111,"StartTime: Wed Jul 23 03:30:08 2025"
"comp_sizefit_flt6mkt0_page3.png","Size comps, whole catch, F06_LL.AU.2 (plot 1 of 4).<br><br>'N adj.' is the input sample size after data-weighting adjustment. N eff. is the calculated effective sample size used in the McAllister-Ianelli tuning method. (plot 2 of 4) (plot 3 of 4)",NA,"SizeComp",2025-07-23 03:51:30.315111,"StartTime: Wed Jul 23 03:30:08 2025"
"comp_sizefit_flt6mkt0_page4.png","Size comps, whole catch, F06_LL.AU.2 (plot 1 of 4).<br><br>'N adj.' is the input sample size after data-weighting adjustment. N eff. is the calculated effective sample size used in the McAllister-Ianelli tuning method. (plot 2 of 4) (plot 3 of 4) (plot 4 of 4)",NA,"SizeComp",2025-07-23 03:51:30.315111,"StartTime: Wed Jul 23 03:30:08 2025"
"comp_sizefit_residsflt6mkt0_page4.png","Pearson residuals, whole catch, F06_LL.AU.2 (max=8.59) (plot 4 of 4) <br> 
Closed bubbles are positive residuals (observed > expected) and open bubbles are negative residuals (observed < expected).",NA,"SizeComp",2025-07-23 03:51:30.315111,"StartTime: Wed Jul 23 03:30:08 2025"
"comp_sizefit_sampsize_flt6mkt0.png","N-EffN comparison, Size comps, whole catch, F06_LL.AU.2",NA,"SizeComp",2025-07-23 03:51:30.315111,"StartTime: Wed Jul 23 03:30:08 2025"
"comp_sizefit_data_weighting_TA1-8_F06_LL.AU.2.png","Mean size for F06_LL.AU.2 with 95% confidence intervals based on current sample sizes.<br>Francis data weighting method TA1.8: thinner intervals (with capped ends) show result of further adjusting sample sizes based on suggested multiplier (with 95% interval) for size data from F06_LL.AU.2:<br>3.7292 (2.3289-8.3624) <br>For more info, see  <a href=https://doi.org/10.1139/f2011-025> Francis (2011)</a>.",NA,"SizeComp",2025-07-23 03:51:30.315111,"StartTime: Wed Jul 23 03:30:08 2025"
"comp_sizefit_flt7mkt0.png","Size comps, whole catch, F07_LL.AU.3.<br><br>'N adj.' is the input sample size after data-weighting adjustment. N eff. is the calculated effective sample size used in the McAllister-Ianelli tuning method.",NA,"SizeComp",2025-07-23 03:51:30.315111,"StartTime: Wed Jul 23 03:30:08 2025"
"comp_sizefit_residsflt7mkt0.png","Pearson residuals, whole catch, F07_LL.AU.3 (max=3.33) <br> 
Closed bubbles are positive residuals (observed > expected) and open bubbles are negative residuals (observed < expected).",NA,"SizeComp",2025-07-23 03:51:30.315111,"StartTime: Wed Jul 23 03:30:08 2025"
"comp_sizefit_sampsize_flt7mkt0.png","N-EffN comparison, Size comps, whole catch, F07_LL.AU.3",NA,"SizeComp",2025-07-23 03:51:30.315111,"StartTime: Wed Jul 23 03:30:08 2025"
"comp_sizefit_data_weighting_TA1-8_F07_LL.AU.3.png","Mean size for F07_LL.AU.3 with 95% confidence intervals based on current sample sizes.<br>Francis data weighting method TA1.8: thinner intervals (with capped ends) show result of further adjusting sample sizes based on suggested multiplier (with 95% interval) for size data from F07_LL.AU.3:<br>0.8804 (0.526-3.503) <br>For more info, see  <a href=https://doi.org/10.1139/f2011-025> Francis (2011)</a>.",NA,"SizeComp",2025-07-23 03:51:30.315111,"StartTime: Wed Jul 23 03:30:08 2025"
"comp_sizefit_flt9mkt0_page1.png","Size comps, whole catch, F09.REC.AU.3 (plot 1 of 2).<br><br>'N adj.' is the input sample size after data-weighting adjustment. N eff. is the calculated effective sample size used in the McAllister-Ianelli tuning method.",NA,"SizeComp",2025-07-23 03:51:30.315111,"StartTime: Wed Jul 23 03:30:08 2025"
"comp_sizefit_flt9mkt0_page2.png","Size comps, whole catch, F09.REC.AU.3 (plot 1 of 2).<br><br>'N adj.' is the input sample size after data-weighting adjustment. N eff. is the calculated effective sample size used in the McAllister-Ianelli tuning method. (plot 2 of 2)",NA,"SizeComp",2025-07-23 03:51:30.315111,"StartTime: Wed Jul 23 03:30:08 2025"
"comp_sizefit_residsflt9mkt0_page2.png","Pearson residuals, whole catch, F09.REC.AU.3 (max=9.57) (plot 2 of 2) <br> 
Closed bubbles are positive residuals (observed > expected) and open bubbles are negative residuals (observed < expected).",NA,"SizeComp",2025-07-23 03:51:30.315111,"StartTime: Wed Jul 23 03:30:08 2025"
"comp_sizefit_sampsize_flt9mkt0.png","N-EffN comparison, Size comps, whole catch, F09.REC.AU.3",NA,"SizeComp",2025-07-23 03:51:30.315111,"StartTime: Wed Jul 23 03:30:08 2025"
"comp_sizefit_data_weighting_TA1-8_F09.REC.AU.3.png","Mean size for F09.REC.AU.3 with 95% confidence intervals based on current sample sizes.<br>Francis data weighting method TA1.8: thinner intervals (with capped ends) show result of further adjusting sample sizes based on suggested multiplier (with 95% interval) for size data from F09.REC.AU.3:<br>0.9909 (0.6196-2.0866) <br>For more info, see  <a href=https://doi.org/10.1139/f2011-025> Francis (2011)</a>.",NA,"SizeComp",2025-07-23 03:51:30.315111,"StartTime: Wed Jul 23 03:30:08 2025"
"comp_sizefit_flt10mkt0_page1.png","Size comps, whole catch, F10_REC.NZ.3 (plot 1 of 2).<br><br>'N adj.' is the input sample size after data-weighting adjustment. N eff. is the calculated effective sample size used in the McAllister-Ianelli tuning method.",NA,"SizeComp",2025-07-23 03:51:30.315111,"StartTime: Wed Jul 23 03:30:08 2025"
"comp_sizefit_flt10mkt0_page2.png","Size comps, whole catch, F10_REC.NZ.3 (plot 1 of 2).<br><br>'N adj.' is the input sample size after data-weighting adjustment. N eff. is the calculated effective sample size used in the McAllister-Ianelli tuning method. (plot 2 of 2)",NA,"SizeComp",2025-07-23 03:51:30.315111,"StartTime: Wed Jul 23 03:30:08 2025"
"comp_sizefit_residsflt10mkt0_page2.png","Pearson residuals, whole catch, F10_REC.NZ.3 (max=3.62) (plot 2 of 2) <br> 
Closed bubbles are positive residuals (observed > expected) and open bubbles are negative residuals (observed < expected).",NA,"SizeComp",2025-07-23 03:51:30.315111,"StartTime: Wed Jul 23 03:30:08 2025"
"comp_sizefit_sampsize_flt10mkt0.png","N-EffN comparison, Size comps, whole catch, F10_REC.NZ.3",NA,"SizeComp",2025-07-23 03:51:30.315111,"StartTime: Wed Jul 23 03:30:08 2025"
"comp_sizefit_data_weighting_TA1-8_F10_REC.NZ.3.png","Mean size for F10_REC.NZ.3 with 95% confidence intervals based on current sample sizes.<br>Francis data weighting method TA1.8: thinner intervals (with capped ends) show result of further adjusting sample sizes based on suggested multiplier (with 95% interval) for size data from F10_REC.NZ.3:<br>0.6368 (0.4465-1.113) <br>For more info, see  <a href=https://doi.org/10.1139/f2011-025> Francis (2011)</a>.",NA,"SizeComp",2025-07-23 03:51:30.315111,"StartTime: Wed Jul 23 03:30:08 2025"
"comp_condAALfit_residsflt9mkt0.png","Pearson residuals, whole catch, F09.REC.AU.3 (max=7.69)",NA,"A@LComp",2025-07-23 03:51:30.315111,"StartTime: Wed Jul 23 03:30:08 2025"
"comp_condAALfit_residsflt10mkt0.png","Pearson residuals, whole catch, F10_REC.NZ.3 (max=5.77)",NA,"A@LComp",2025-07-23 03:51:30.315111,"StartTime: Wed Jul 23 03:30:08 2025"
"comp_condAALfit_residsflt12mkt0.png","Pearson residuals, whole catch, F12_LL.ALL.2 (max=68.08)",NA,"A@LComp",2025-07-23 03:51:30.315111,"StartTime: Wed Jul 23 03:30:08 2025"
"comp_condAALfit_data_weighting_TA1-8_condAgeF09.REC.AU.3.png","Mean age from conditional data (aggregated across length bins) for F09.REC.AU.3 with 95% confidence intervals  based on current samples sizes.<br>Francis data weighting method TA1.8: thinner intervals (with capped ends) show result of further adjusting sample sizes based on suggested multiplier (with 95% interval) for conditional age-at-length data from F09.REC.AU.3:<br>4.7181 (4.6416-Inf) <br>For more info, see  <a href=https://doi.org/10.1139/f2011-025> Francis (2011)</a> and  <a href=https://doi.org/10.1016/j.fishres.2015.12.006> Punt (2017)</a>.",NA,"A@LComp",2025-07-23 03:51:30.315111,"StartTime: Wed Jul 23 03:30:08 2025"
"comp_condAALfit_Andre_plotsflt9mkt0_page1.png","Conditional AAL plot, whole catch, F09.REC.AU.3 (plot 1 of 2)
These plots show mean age and std. dev. in conditional A@L.<br>Left plots are mean A@L by size-class (obs. and exp.) with 90% CIs based on adding 1.64 SE of mean to the data.<br>Right plots in each pair are SE of mean A@L (obs. and exp.) with 90% CIs based on the chi-square distribution.",NA,"A@LComp",2025-07-23 03:51:30.315111,"StartTime: Wed Jul 23 03:30:08 2025"
"comp_condAALfit_Andre_plotsflt9mkt0_page2.png","Conditional AAL plot, whole catch, F09.REC.AU.3 (plot 2 of 2)",NA,"A@LComp",2025-07-23 03:51:30.315111,"StartTime: Wed Jul 23 03:30:08 2025"
"comp_condAALfit_data_weighting_TA1-8_condAgeF10_REC.NZ.3.png","Mean age from conditional data (aggregated across length bins) for F10_REC.NZ.3 with 95% confidence intervals  based on current samples sizes.<br>Francis data weighting method TA1.8: too few points to calculate adjustments. <br>For more info, see  <a href=https://doi.org/10.1139/f2011-025> Francis (2011)</a> and  <a href=https://doi.org/10.1016/j.fishres.2015.12.006> Punt (2017)</a>.",NA,"A@LComp",2025-07-23 03:51:30.315111,"StartTime: Wed Jul 23 03:30:08 2025"
"comp_condAALfit_Andre_plotsflt10mkt0.png","Conditional AAL plot, whole catch, F10_REC.NZ.3
These plots show mean age and std. dev. in conditional A@L.<br>Left plots are mean A@L by size-class (obs. and exp.) with 90% CIs based on adding 1.64 SE of mean to the data.<br>Right plots in each pair are SE of mean A@L (obs. and exp.) with 90% CIs based on the chi-square distribution.",NA,"A@LComp",2025-07-23 03:51:30.315111,"StartTime: Wed Jul 23 03:30:08 2025"
"comp_condAALfit_data_weighting_TA1-8_condAgeF12_LL.ALL.2.png","Mean age from conditional data (aggregated across length bins) for F12_LL.ALL.2 with 95% confidence intervals  based on current samples sizes.<br>Francis data weighting method TA1.8: thinner intervals (with capped ends) show result of further adjusting sample sizes based on suggested multiplier (with 95% interval) for conditional age-at-length data from F12_LL.ALL.2:<br>0.3078 (0.2852-Inf) <br>For more info, see  <a href=https://doi.org/10.1139/f2011-025> Francis (2011)</a> and  <a href=https://doi.org/10.1016/j.fishres.2015.12.006> Punt (2017)</a>.",NA,"A@LComp",2025-07-23 03:51:30.315111,"StartTime: Wed Jul 23 03:30:08 2025"
"comp_condAALfit_Andre_plotsflt12mkt0_page1.png","Conditional AAL plot, whole catch, F12_LL.ALL.2 (plot 1 of 2)
These plots show mean age and std. dev. in conditional A@L.<br>Left plots are mean A@L by size-class (obs. and exp.) with 90% CIs based on adding 1.64 SE of mean to the data.<br>Right plots in each pair are SE of mean A@L (obs. and exp.) with 90% CIs based on the chi-square distribution.",NA,"A@LComp",2025-07-23 03:51:30.315111,"StartTime: Wed Jul 23 03:30:08 2025"
"comp_condAALfit_Andre_plotsflt12mkt0_page2.png","Conditional AAL plot, whole catch, F12_LL.ALL.2 (plot 2 of 2)",NA,"A@LComp",2025-07-23 03:51:30.315111,"StartTime: Wed Jul 23 03:30:08 2025"
"yield1_yield_curve.png","Yield curve",NA,"Yield",2025-07-23 03:51:30.315111,"StartTime: Wed Jul 23 03:30:08 2025"
"yield2_yield_curve_with_refpoints.png","Yield curve with reference points",NA,"Yield",2025-07-23 03:51:30.315111,"StartTime: Wed Jul 23 03:30:08 2025"
"yield3_surplus_production.png","Surplus production vs. total biomass plot. For interpretation, see<br> <blockquote>Walters, Hilborn, and  Christensen, 2008, Surplus production dynamics in declining and recovering fish populations. <i>Can. J. Fish. Aquat. Sci.</i> 65: 2536-2551. <a href='https://doi.org/10.1139/F08-170'>https://doi.org/10.1139/F08-170</a>.</blockquote>",NA,"Yield",2025-07-23 03:51:30.315111,"StartTime: Wed Jul 23 03:30:08 2025"
"yield4_surplus_production.png","Surplus production vs. spawning biomass plot. For interpretation, see<br> <blockquote>Forrest, Kronlund, Cleary, and Grinnell. 2023. An evidence-based approach for selecting a limit reference point for Pacific herring (<i>Clupea pallasii</i>) stocks in British Columbia, Canada. <i>Can. J. Fish. Aquat. Sci.</i> 80: 1071-1083. <a href='https://doi.org/10.1139/cjfas-2022-0168'>https://doi.org/10.1139/cjfas-2022-0168</a>.</blockquote>",NA,"Yield",2025-07-23 03:51:30.315111,"StartTime: Wed Jul 23 03:30:08 2025"
"yield5_YPR_timeseries.png","Time series of yield per recruit (kg)",NA,"Yield",2025-07-23 03:51:30.315111,"StartTime: Wed Jul 23 03:30:08 2025"
"data_plot.png","Data presence by year for each fleet and data type.",NA,"Data",2025-07-23 03:51:30.315111,"StartTime: Wed Jul 23 03:30:08 2025"
"data_plot2.png","Data presence by year for each fleet, where circle area is <br>  relative within a data type. Circles are proportional to <br>  total catch for catches; to precision for indices, discards, and <br>  mean body weight observations; and to total sample size for <br> compositions and mean weight- or length-at-age observations. <br> Observations excluded from the likelihood have <br> equal size for all years. <br> Note that since the circles are are scaled relative <br>  to maximum within each type, the scaling within separate plots <br>  should not be compared. <br>This is a seasonal model, so scaling is based on either <br>  the sum of samples within each year (for things like comps) <br>  or the average among observations within a year (for  <br>  things like index uncertainty).",NA,"Data",2025-07-23 03:51:30.315111,"StartTime: Wed Jul 23 03:30:08 2025"
"parameter_distributions_page1.png","Parameter distribution plots (plot 1 of 6). <br>Deviation parameters are not included. <br>F parameters are not included. <br>Plotting range is equal to input limits on parameters. Use fitrange = TRUE to scale the range to the estimates.",NA,"Pars",2025-07-23 03:51:30.315111,"StartTime: Wed Jul 23 03:30:08 2025"
"parameter_distributions_page2.png","Parameter distribution plots (plot 2 of 6).",NA,"Pars",2025-07-23 03:51:30.315111,"StartTime: Wed Jul 23 03:30:08 2025"
"parameter_distributions_page3.png","Parameter distribution plots (plot 3 of 6).",NA,"Pars",2025-07-23 03:51:30.315111,"StartTime: Wed Jul 23 03:30:08 2025"
"parameter_distributions_page4.png","Parameter distribution plots (plot 4 of 6).",NA,"Pars",2025-07-23 03:51:30.315111,"StartTime: Wed Jul 23 03:30:08 2025"
"parameter_distributions_page5.png","Parameter distribution plots (plot 5 of 6).",NA,"Pars",2025-07-23 03:51:30.315111,"StartTime: Wed Jul 23 03:30:08 2025"
"parameter_distributions_page6.png","Parameter distribution plots (plot 6 of 6).",NA,"Pars",2025-07-23 03:51:30.315111,"StartTime: Wed Jul 23 03:30:08 2025"
"parameterchecks.html","<b>Estimated parameters (excluding deviation parameters)</b><br> Any parameter with a gradient value with an absolute value above 0.001 or a parameter on bounds is colored in red.",NA,"DiagnosticTables",2025-07-23 03:51:30.315111,"StartTime: Wed Jul 23 03:30:08 2025"
"correlationcheck.html","<b>Highly correlated parameter pairs</b><br> Pairs of parameters with the  50  highest correlations, sorted by absolute value of the correlation. Correlations above 0.95 (in absolute value) are colored in red. These parameters may be confounded or may cause convergence issues.",NA,"DiagnosticTables",2025-07-23 03:51:30.315111,"StartTime: Wed Jul 23 03:30:08 2025"
"lowcorrelationcheck.html","<b>Parameters with low correlations</b><br> Estimated parameters that are the least correlated with all other parameters. The correlation value represents the maximum correlation between the parameter in question and all other estimated parameters. Uncorrelated parameters may not be playing a significant role in the model. Maximum correlations below 0.01 are colored in red.",NA,"DiagnosticTables",2025-07-23 03:51:30.315111,"StartTime: Wed Jul 23 03:30:08 2025"
